{
    "coefficients": [
        {
            "b": [
                0.4072398190045249,
                0.20361990950226255,
                -0.20361990950226247,
                0.0
            ],
            "c": [
                0.0,
                -0.30542986425339363,
                -0.30542986425339375,
                0.0
            ],
            "count": 4,
            "d": [
                -0.15271493212669682,
                -5.551115123125783e-17,
                0.15271493212669687,
                0.0
            ],
            "x": [
                -1.0,
                -0.33333333333333337,
                0.33333333333333326,
                1.0
            ],
            "y": [
                0.038461538461538464,
                0.2647058823529412,
                0.26470588235294124,
                0.038461538461538464
            ]
        },
        {
            "b": [
                0.4072398190045249,
                0.20361990950226255,
                -0.20361990950226247,
                0.0
            ],
            "c": [
                0.0,
                -0.30542986425339363,
                -0.30542986425339375,
                0.0
            ],
            "count": 4,
            "d": [
                -0.15271493212669682,
                -5.551115123125783e-17,
                0.15271493212669687,
                0.0
            ],
            "x": [
                -1.0,
                -0.33333333333333337,
                0.33333333333333326,
                1.0
            ],
            "y": [
                0.038461538461538464,
                0.2647058823529412,
                0.26470588235294124,
                0.038461538461538464
            ]
        },
        {
            "b": [
                0.4072398190045249,
                0.20361990950226255,
                -0.20361990950226247,
                0.0
            ],
            "c": [
                0.0,
                -0.30542986425339363,
                -0.30542986425339375,
                0.0
            ],
            "count": 4,
            "d": [
                -0.15271493212669682,
                -5.551115123125783e-17,
                0.15271493212669687,
                0.0
            ],
            "x": [
                -1.0,
                -0.33333333333333337,
                0.33333333333333326,
                1.0
            ],
            "y": [
                0.038461538461538464,
                0.2647058823529412,
                0.26470588235294124,
                0.038461538461538464
            ]
        },
        {
            "b": [
                0.4072398190045249,
                0.20361990950226255,
                -0.20361990950226247,
                0.0
            ],
            "c": [
                0.0,
                -0.30542986425339363,
                -0.30542986425339375,
                0.0
            ],
            "count": 4,
            "d": [
                -0.15271493212669682,
                -5.551115123125783e-17,
                0.15271493212669687,
                0.0
            ],
            "x": [
                -1.0,
                -0.33333333333333337,
                0.33333333333333326,
                1.0
            ],
            "y": [
                0.038461538461538464,
                0.2647058823529412,
                0.26470588235294124,
                0.038461538461538464
            ]
        },
        {
            "b": [
                0.4072398190045249,
                0.20361990950226255,
                -0.20361990950226247,
                0.0
            ],
            "c": [
                0.0,
                -0.30542986425339363,
                -0.30542986425339375,
                0.0
            ],
            "count": 4,
            "d": [
                -0.15271493212669682,
                -5.551115123125783e-17,
                0.15271493212669687,
                0.0
            ],
            "x": [
                -1.0,
                -0.33333333333333337,
                0.33333333333333326,
                1.0
            ],
            "y": [
                0.038461538461538464,
                0.2647058823529412,
                0.26470588235294124,
                0.038461538461538464
            ]
        },
        {
            "b": [
                0.4072398190045249,
                0.20361990950226255,
                -0.20361990950226247,
                0.0
            ],
            "c": [
                0.0,
                -0.30542986425339363,
                -0.30542986425339375,
                0.0
            ],
            "count": 4,
            "d": [
                -0.15271493212669682,
                -5.551115123125783e-17,
                0.15271493212669687,
                0.0
            ],
            "x": [
                -1.0,
                -0.33333333333333337,
                0.33333333333333326,
                1.0
            ],
            "y": [
                0.038461538461538464,
                0.2647058823529412,
                0.26470588235294124,
                0.038461538461538464
            ]
        },
        {
            "b": [
                0.4072398190045249,
                0.20361990950226255,
                -0.20361990950226247,
                0.0
            ],
            "c": [
                0.0,
                -0.30542986425339363,
                -0.30542986425339375,
                0.0
            ],
            "count": 4,
            "d": [
                -0.15271493212669682,
                -5.551115123125783e-17,
                0.15271493212669687,
                0.0
            ],
            "x": [
                -1.0,
                -0.33333333333333337,
                0.33333333333333326,
                1.0
            ],
            "y": [
                0.038461538461538464,
                0.2647058823529412,
                0.26470588235294124,
                0.038461538461538464
            ]
        },
        {
            "b": [
                0.1692967172517349,
                0.020913527377379282,
                1.220940245669966,
                1.2846750769184554,
                -1.2846750769184547,
                -1.2209402456699678,
                -0.020913527377379046,
                0.0
            ],
            "c": [
                0.0,
                -0.5193411645602446,
                4.719434678584299,
                -4.496362769214585,
                -4.496362769214601,
                4.719434678584305,
                -0.519341164560246,
                0.0
            ],
            "count": 8,
            "d": [
                -0.6058980253202854,
                6.111905150335301,
                -10.751763689098699,
                -1.865174681370263e-14,
                10.751763689098729,
                -6.111905150335308,
                0.6058980253202868,
                0.0
            ],
            "x": [
                -1.0,
                -0.7142857142857143,
                -0.4285714285714286,
                -0.1428571428571429,
                0.1428571428571428,
                0.4285714285714284,
                0.7142857142857142,
                1.0
            ],
            "y": [
                0.038461538461538464,
                0.07270029673590504,
                0.17883211678832114,
                0.6621621621621621,
                0.6621621621621624,
                0.17883211678832128,
                0.07270029673590507,
                0.038461538461538464
            ]
        }
    ]
}